{ "backgroundcolor":"#ff55ff",
 "height":5,
 "layers":[
        {
         "data":[11, 11, 11, 11, 11, 11, 11, 11, 11, 11, 11, 11, 11, 11, 11, 11, 11, 11, 11, 11, 11, 11, 11, 11, 11],
         "height":5,
         "name":"ground",
         "opacity":1,
         "type":"tilelayer",
         "visible":true,
         "width":5,
         "x":0,
         "y":0
        }],
 "nextobjectid":383,
 "orientation":"orthogonal",
 "renderorder":"right-down",
 "tiledversion":"1.0.3",
 "tileheight":32,
 "tilesets":[
        {
         "columns":20,
         "firstgid":1,
         "image":"tilesheet.png",
         "imageheight":3136,
         "imagewidth":640,
         "margin":0,
         "name":"tilesheet",
         "spacing":0,
         "tilecount":1960,
         "tileheight":32,
         "tilewidth":32
        }],
 "tilewidth":32,
 "type":"map",
 "version":1,
 "width":5
}